email,senha
0.02277537409882156@email.com,Teste @123
0.0269688953386605@email.com,Teste @123
0.23648242244633158@email.com,Teste @123
0.6362337927308807@email.com,Teste @123
0.3723943386394284@email.com,Teste @123
0.444016702528567@email.com,Teste @123
0.0632817129364177@email.com,Teste @123
0.7607591316060084@email.com,Teste @123
0.04972535759060989@email.com,Teste @123